{
  "model": "models/detection/best.pt",
  "val_images": 200,
  "standard": {
    "player_ap50": 0.7516872449832955,
    "ball_ap50": 0.012454212454212455,
    "map50": 0.38207072871875397
  },
  "sahi": {
    "slice_size": 640,
    "overlap": 0.2,
    "player_ap50": 0.6069285991027455,
    "ball_ap50": 0.08309186707160081,
    "map50": 0.34501023308717316
  },
  "improvement": {
    "player_ap50": -0.14475864588054999,
    "ball_ap50": 0.07063765461738836,
    "map50": -0.037060495631580814
  }
}